App,Category,Rating,Reviews,Review,Size,Installs,Type,Price,Content Rating,Genres,Last Updated,Current Ver,Android Ver
WhatsApp Messenger,Communication,4.3,120000000,Very useful for messaging and calling.,30M,"5,000,000,000+",Free,0,Everyone,Communication,"January 15, 2024",2.23.5,5.0 and up
Instagram,Social,4.5,90000000,Amazing platform for sharing photos.,28M,"1,000,000,000+",Free,0,Teen,Social,"January 10, 2024",300.1,6.0 and up
Facebook,Social,4.1,140000000,Good app but sometimes slow.,45M,"5,000,000,000+",Free,0,Teen,Social,"January 12, 2024",400.2,5.0 and up
Snapchat,Social,4.2,45000000,Fun filters and easy to use.,25M,"1,000,000,000+",Free,0,Teen,Social,"January 8, 2024",12.10,5.0 and up
Spotify,Music & Audio,4.4,22000000,Best music streaming app.,35M,"1,000,000,000+",Free,0,Teen,Music,"January 1, 2024",8.9,5.0 and up
TikTok,Entertainment,4.4,80000000,Great for short videos and entertainment.,60M,"1,000,000,000+",Free,0,Teen,Entertainment,"January 16, 2024",32.4,6.0 and up
YouTube,Video Players,4.5,110000000,Fantastic for watching videos.,40M,"10,000,000,000+",Free,0,Everyone,Video,"January 5, 2024",18.01,6.0 and up
Gmail,Communication,4.3,60000000,Reliable email service.,20M,"5,000,000,000+",Free,0,Everyone,Communication,"January 18, 2024",2024.01.10,5.0 and up
Google Maps,Travel & Local,4.2,42000000,Great navigation and real-time updates.,35M,"5,000,000,000+",Free,0,Everyone,Travel,"January 20, 2024",2024.01.20,5.0 and up
Subway Surfers,Game,4.5,32000000,Very fun and addictive game.,95M,"1,000,000,000+",Free,0,Everyone 10+,Arcade,"January 25, 2024",3.10,4.4 and up
Candy Crush Saga,Game,4.6,41000000,Challenging and colorful puzzle game.,78M,"1,000,000,000+",Free,0,Everyone,Puzzle,"January 22, 2024",1.230.2,4.4 and up
PUBG Mobile,Game,4.3,70000000,Exciting gameplay and graphics.,60M,"500,000,000+",Free,0,Teen,Action,"January 14, 2024",3.4.0,5.0 and up
Amazon Shopping,Shopping,4.3,50000000,Great for online shopping.,38M,"500,000,000+",Free,0,Everyone,Shopping,"January 9, 2024",26.32,5.0 and up
Netflix,Entertainment,4.4,65000000,Huge collection of movies and shows.,15M,"1,000,000,000+",Free,0,Teen,Entertainment,"January 3, 2024",14.2.0,5.0 and up
Pinterest,Social,4.6,45000000,Perfect for creative inspiration.,28M,"500,000,000+",Free,0,Teen,Social,"January 6, 2024",11.30,6.0 and up
Twitter,News,4.1,80000000,Good news updates but sometimes slow.,40M,"1,000,000,000+",Free,0,Teen,News,"January 13, 2024",10.0.1,5.0 and up
LinkedIn,Business,4.3,35000000,Helpful for professional networking.,35M,"500,000,000+",Free,0,Everyone,Business,"January 4, 2024",4.1.2,5.0 and up
Zoom,Communication,4.4,30000000,Smooth video meetings experience.,32M,"1,000,000,000+",Free,0,Everyone,Communication,"January 2, 2024",5.2.0,5.0 and up
Clash of Clans,Game,4.6,60000000,Highly engaging strategy game.,90M,"500,000,000+",Free,0,Everyone 10+,Strategy,"January 21, 2024",15.3,4.4 and up
Microsoft Teams,Communication,4.3,20000000,Useful for office communication.,50M,"100,000,000+",Free,0,Everyone,Communication,"January 7, 2024",3.8.2,6.0 and up
